{
    "classes": {
        "botnet": {
            "prototype": [
                1.2222446390868522,
                8.99727090623435,
                0.41454733123097764,
                0.3546659404502542,
                0.0,
                0.0,
                256.1246066207099,
                33.13865959137069
            ],
            "count": 5508
        },
        "ddos": {
            "prototype": [
                2.6610157345823753,
                4.494234618833417,
                0.15086509563034814,
                0.07597022727442218,
                0.0,
                0.0,
                1.6470614926579477,
                2104.5264940493043
            ],
            "count": 5508
        },
        "dos": {
            "prototype": [
                1.6607931129155404,
                5.527230525892178,
                0.0810745332494669,
                0.4650291401548895,
                0.0,
                0.0,
                716.156818629175,
                836.2540632306717
            ],
            "count": 5508
        },
        "normal": {
            "prototype": [
                1.785066825938253,
                5.491902532638976,
                0.03265066961571085,
                0.07779716258742542,
                0.0,
                0.0,
                455.60505393906544,
                143.00662858014707
            ],
            "count": 5508
        },
        "syn_scan": {
            "prototype": [
                1.0961960700254934,
                8.114913603802686,
                0.4992087987458357,
                0.4970735207663314,
                0.0,
                0.0,
                27.233315468048335,
                0.8348172636673927
            ],
            "count": 5508
        }
    }
}