{
    "classes": {
        "BOTNET_ARES": {
            "prototype": [
                0.41454733123097764,
                0.3546659404502542,
                0.0,
                0.0,
                0.05486568388360274,
                0.007791217095660841,
                0.015085726621981323,
                0.12806230331035517,
                0.0,
                0.12222446390869764,
                0.008030830214274134
            ],
            "count": 5508
        },
        "DDOS_LOIT": {
            "prototype": [
                0.15108398929760913,
                0.07627532798213776,
                0.0,
                0.0,
                0.00010233365737723819,
                0.0003931901734831412,
                0.9911196975896174,
                0.001010270544062666,
                0.0,
                0.26590136058312486,
                0.19018870760073978
            ],
            "count": 15000
        },
        "DOS_GOLDEN_EYE": {
            "prototype": [
                0.14664590280583556,
                0.08726021206116781,
                0.0,
                0.0,
                0.0015117239238225542,
                0.00024303640747479584,
                0.7969456712059314,
                0.0634280182130145,
                0.0,
                0.25695126721806766,
                0.28246447245084766
            ],
            "count": 8364
        },
        "DOS_HULK": {
            "prototype": [
                0.07831915672448131,
                0.47535668791388536,
                0.0,
                0.0,
                0.01565424879144105,
                0.015598773931781272,
                0.44533247653965,
                0.36202443370049403,
                0.0,
                0.16309604163259453,
                0.01276710897489947
            ],
            "count": 15000
        },
        "DOS_SLOWHTTPTEST": {
            "prototype": [
                0.4673013460395032,
                0.272638190047423,
                0.0,
                0.0,
                0.007432549209017705,
                0.007052660509581557,
                0.09697591401345125,
                0.2633886489351664,
                0.0,
                0.18694310431213745,
                0.28226774511130975
            ],
            "count": 6860
        },
        "DOS_SLOWLORIS": {
            "prototype": [
                0.4103898332489673,
                0.20840480731118896,
                0.0,
                0.0,
                0.004011315860923883,
                0.000457718021041409,
                0.05189513221683477,
                0.19869237095163822,
                0.0,
                0.20194610807942664,
                0.2526947632715421
            ],
            "count": 5177
        },
        "NORMAL": {
            "prototype": [
                0.03257065032090865,
                0.07814988464882507,
                0.0,
                0.0,
                0.10847359187509345,
                0.047711713032618175,
                0.09256278046755625,
                0.22305000182599277,
                0.0,
                0.1773658728328435,
                0.08256005586714904
            ],
            "count": 15000
        },
        "FTP_PATATOR": {
            "prototype": [
                0.03230134345734935,
                0.455189677946996,
                0.0,
                0.0,
                0.23424787333367394,
                0.035267969508030586,
                0.00341673848547267,
                0.3236626350224537,
                0.0,
                0.18870257870723395,
                0.09693798829736136
            ],
            "count": 9531
        },
        "HEARTBLEED": {
            "prototype": [
                0.11953200046554478,
                0.3560622965290687,
                0.0,
                0.0,
                0.006755135634582163,
                0.0012374999023537757,
                0.17747923604722224,
                0.33351157770708334,
                0.0,
                0.24531374202983305,
                0.16698931141700624
            ],
            "count": 12
        },
        "PORTSCAN": {
            "prototype": [
                0.49880150072150115,
                0.4960969408369403,
                0.0,
                0.0,
                0.7871953956677173,
                0.14292802566126903,
                0.0006719360618008889,
                0.015066926798208376,
                0.0,
                0.1097085868966713,
                0.00011857327757910981
            ],
            "count": 15000
        },
        "SSH_PATATOR": {
            "prototype": [
                0.019538927054257388,
                0.002505423080309616,
                0.0,
                0.0,
                0.01318258805092257,
                0.0020980209812291625,
                0.06251595747137342,
                0.49375739269961094,
                0.0,
                0.23491614478290831,
                0.1287814118655105
            ],
            "count": 5949
        },
        "WEB_BRUTE_FORCE": {
            "prototype": [
                0.18337597075286274,
                0.000365764447695684,
                0.0,
                0.0,
                0.010167074600975592,
                0.00163636571427509,
                0.010952172548902699,
                0.49995546309726957,
                0.0,
                0.13647966157113323,
                0.0991296408177562
            ],
            "count": 2734
        },
        "WEB_SQL_INJECTION": {
            "prototype": [
                0.10681818181818183,
                0.0,
                0.0,
                0.0,
                0.012708852135602982,
                0.002061462459920546,
                0.21113407031361112,
                0.45848363306187495,
                0.0,
                0.1533925236839512,
                0.08983110636598267
            ],
            "count": 24
        },
        "WEB_XSS": {
            "prototype": [
                0.19232580622102197,
                0.0007363770250368188,
                0.0,
                0.0,
                0.010014420072752212,
                0.0016119971242210367,
                0.010695649018787433,
                0.5003253116255192,
                0.0,
                0.13029352326715052,
                0.09576549012144528
            ],
            "count": 1358
        }
    }
}