{
    "classes": {
        "botnet": {
            "prototype": [
                0.12222446390869751,
                0.899727090623316,
                0.41454733123097787,
                0.3546659404502542,
                0.0,
                0.0,
                0.12806230331035487,
                0.015085726621981332,
                0.2615288551478304,
                0.007289965360874435
            ],
            "count": 5508
        },
        "ddos": {
            "prototype": [
                0.2663280419361873,
                0.44829188847425355,
                0.15063645468736192,
                0.0754997814468037,
                0.0,
                0.0,
                0.00045598927777051494,
                0.9923926508811711,
                0.0004682894581773458,
                0.004077862616135846
            ],
            "count": 5508
        },
        "dos": {
            "prototype": [
                0.16564558708382454,
                0.5592321788749393,
                0.0800173875649349,
                0.4662783659137303,
                0.0,
                0.0,
                0.3549777217419041,
                0.4562091720483806,
                0.03256431271076407,
                0.08088499078350264
            ],
            "count": 5508
        },
        "normal": {
            "prototype": [
                0.17779714889567708,
                0.5474437966508119,
                0.030712098108085117,
                0.08247886997458725,
                0.0,
                0.0,
                0.22940024447728458,
                0.0929144238566213,
                0.22366259491876808,
                0.18186364089257154
            ],
            "count": 5508
        },
        "syn_scan": {
            "prototype": [
                0.10978816627614492,
                0.8081307840722953,
                0.49803146099442386,
                0.497456670659285,
                0.0,
                0.0,
                0.01307206341522887,
                0.0007382902431457276,
                0.9817434109505063,
                0.0003979814196119537
            ],
            "count": 5508
        }
    }
}