{
    "classes": {
        "botnet": {
            "prototype": [
                0.4145473312309778,
                0.3546659404502542,
                0.0,
                0.0,
                6.59694989106745e-05,
                0.0009235007279020671,
                0.015085726621981328,
                0.12806230331035437,
                0.0,
                0.1222244639086975,
                0.06931471805599221
            ],
            "count": 5508
        },
        "ddos": {
            "prototype": [
                0.1509078359271714,
                0.07581702616983117,
                0.0,
                0.0,
                0.0002676761074800293,
                0.00036447076386137567,
                0.9912407736927549,
                0.0006392408027605291,
                0.0,
                0.2661171559578619,
                0.06931471805599221
            ],
            "count": 5508
        },
        "dos": {
            "prototype": [
                0.08147564947315629,
                0.4571725502429636,
                0.0,
                0.0,
                0.00013443355119826286,
                0.01120737535587544,
                0.4632953691551183,
                0.34572858612757884,
                0.0,
                0.16719384444925892,
                0.06931471805599221
            ],
            "count": 5508
        },
        "normal": {
            "prototype": [
                0.03389737363963077,
                0.07760589072451768,
                0.0,
                0.0,
                0.0003360021786492406,
                0.03627383074953165,
                0.09385332334095309,
                0.22243282146699134,
                0.0,
                0.17864929027272997,
                0.06931471805599221
            ],
            "count": 5508
        },
        "syn_scan": {
            "prototype": [
                0.4995475556477734,
                0.4964856312895529,
                0.0,
                0.0,
                4.006535947712854e-05,
                1.5176800537449988e-06,
                0.0003673279817211328,
                0.01597729450172757,
                0.0,
                0.1096108924014714,
                0.06931471805599221
            ],
            "count": 5508
        }
    }
}